,stimulus,condition,response
0,0.0,manipulation,0
1,-2.0,manipulation,0
2,3.0,control,1
3,2.0,control,1
4,1.0,control,1
5,0.0,manipulation,0
6,-0.5,manipulation,1
7,3.0,control,1
8,1.0,control,1
9,-2.0,manipulation,0
10,0.0,control,0
11,2.0,manipulation,1
12,0.0,manipulation,1
13,0.0,control,0
14,-0.5,manipulation,0
15,3.0,manipulation,1
16,0.5,control,1
17,2.0,control,1
18,2.0,control,1
19,3.0,control,1
20,-1.0,control,0
21,-2.0,control,0
22,2.0,manipulation,1
23,-0.5,manipulation,0
24,-0.5,control,0
25,-2.0,manipulation,0
26,-3.0,manipulation,0
27,2.0,manipulation,1
28,-1.0,control,1
29,0.0,control,1
30,-0.5,manipulation,1
31,0.5,manipulation,1
32,-1.0,control,0
33,3.0,control,1
34,2.0,control,1
35,-0.5,control,1
36,-2.0,manipulation,0
37,1.0,manipulation,1
38,-1.0,control,0
39,0.0,manipulation,1
40,-1.0,control,0
41,2.0,control,1
42,-0.5,manipulation,1
43,-0.5,manipulation,0
44,0.5,control,0
45,-3.0,manipulation,0
46,0.0,manipulation,1
47,0.5,manipulation,1
48,-3.0,control,0
49,-0.5,control,0
50,-1.0,control,1
51,2.0,control,1
52,0.5,control,1
53,-3.0,manipulation,0
54,3.0,manipulation,1
55,0.5,control,0
56,-1.0,manipulation,0
57,-1.0,manipulation,1
58,0.5,control,1
59,0.0,control,1
60,3.0,manipulation,1
61,1.0,manipulation,1
62,-1.0,manipulation,0
63,2.0,control,1
64,1.0,control,1
65,0.5,manipulation,1
66,0.5,manipulation,1
67,1.0,manipulation,1
68,0.0,manipulation,1
69,-1.0,control,0
70,0.5,manipulation,0
71,-0.5,manipulation,1
72,-1.0,manipulation,0
73,-2.0,manipulation,0
74,-2.0,manipulation,0
75,0.5,manipulation,0
76,-0.5,manipulation,0
77,-0.5,manipulation,0
78,-3.0,control,0
79,-0.5,manipulation,0
80,1.0,control,1
81,2.0,manipulation,1
82,3.0,manipulation,1
83,-1.0,manipulation,0
84,-3.0,control,0
85,-3.0,manipulation,0
86,0.5,manipulation,0
87,-0.5,control,0
88,0.0,control,0
89,2.0,control,1
90,2.0,manipulation,1
91,2.0,manipulation,1
92,2.0,control,1
93,-2.0,manipulation,0
94,1.0,control,0
95,3.0,manipulation,1
96,3.0,control,1
97,3.0,control,1
98,0.5,control,1
99,0.0,manipulation,0
100,-3.0,manipulation,0
101,-2.0,manipulation,0
102,-2.0,manipulation,1
103,0.0,control,0
104,-1.0,control,1
105,-3.0,manipulation,0
106,-2.0,manipulation,0
107,3.0,control,1
108,3.0,manipulation,1
109,3.0,manipulation,1
110,0.0,control,0
111,0.0,control,0
112,-1.0,manipulation,1
113,0.5,manipulation,0
114,-2.0,control,0
115,-3.0,control,0
116,2.0,manipulation,1
117,-0.5,manipulation,0
118,-2.0,control,0
119,-2.0,control,0
120,0.5,manipulation,1
121,2.0,manipulation,1
122,-0.5,manipulation,0
123,-2.0,manipulation,0
124,-2.0,control,0
125,3.0,control,1
126,-0.5,control,0
127,0.5,manipulation,1
128,3.0,manipulation,1
129,-0.5,manipulation,0
130,0.0,control,0
131,-2.0,control,0
132,-0.5,manipulation,0
133,1.0,manipulation,1
134,-3.0,manipulation,0
135,3.0,manipulation,1
136,-0.5,manipulation,0
137,0.0,manipulation,0
138,-1.0,manipulation,0
139,1.0,manipulation,0
140,-0.5,manipulation,0
141,-1.0,control,0
142,0.0,control,0
143,0.0,manipulation,0
144,1.0,control,1
145,-0.5,control,0
146,2.0,manipulation,1
147,-1.0,control,0
148,0.0,control,1
149,-3.0,manipulation,0
150,1.0,control,1
151,0.0,control,0
152,0.5,control,1
153,0.5,control,1
154,0.5,control,0
155,1.0,control,1
156,2.0,manipulation,1
157,0.5,manipulation,0
158,-3.0,control,0
159,-0.5,control,1
160,0.5,control,1
161,-2.0,manipulation,0
162,0.5,control,0
163,-1.0,manipulation,0
164,0.0,control,0
165,-2.0,manipulation,0
166,-1.0,control,0
167,-0.5,manipulation,0
168,-3.0,manipulation,0
169,0.5,manipulation,0
170,1.0,manipulation,1
171,2.0,manipulation,1
172,-3.0,manipulation,0
173,-0.5,control,0
174,-0.5,control,0
175,2.0,manipulation,1
176,-3.0,control,0
177,-2.0,control,0
178,1.0,manipulation,1
179,3.0,control,1
180,-2.0,control,0
181,2.0,manipulation,1
182,2.0,manipulation,0
183,1.0,manipulation,1
184,3.0,manipulation,1
185,-0.5,control,0
186,0.5,manipulation,1
187,0.5,control,0
188,-0.5,manipulation,0
189,-1.0,manipulation,1
190,-3.0,control,0
191,-1.0,manipulation,0
192,0.0,manipulation,0
193,0.0,manipulation,1
194,2.0,control,1
195,0.5,control,1
196,-3.0,control,0
197,0.0,manipulation,1
198,-0.5,manipulation,0
199,1.0,manipulation,1
200,-1.0,manipulation,1
201,0.0,manipulation,0
202,-1.0,manipulation,1
203,-1.0,control,1
204,0.0,control,1
205,0.5,control,1
206,2.0,manipulation,0
207,1.0,manipulation,1
208,0.5,manipulation,1
209,-1.0,control,0
210,0.5,manipulation,1
211,-2.0,manipulation,1
212,0.5,manipulation,1
213,1.0,manipulation,1
214,-3.0,manipulation,0
215,3.0,control,1
216,-3.0,manipulation,0
217,1.0,control,1
218,0.5,manipulation,0
219,-2.0,manipulation,0
220,1.0,manipulation,1
221,-3.0,manipulation,0
222,0.0,control,0
223,-1.0,control,0
224,0.5,manipulation,1
225,-0.5,control,1
226,-2.0,control,0
227,0.5,control,1
228,2.0,control,1
229,-2.0,manipulation,0
230,-3.0,manipulation,0
231,-2.0,control,0
232,0.5,control,0
233,3.0,control,1
234,2.0,control,1
235,1.0,manipulation,1
236,-1.0,control,0
237,3.0,control,1
238,3.0,manipulation,1
239,-0.5,manipulation,0
240,3.0,control,1
241,0.5,manipulation,0
242,-0.5,manipulation,1
243,3.0,manipulation,1
244,-1.0,manipulation,0
245,1.0,manipulation,1
246,-2.0,manipulation,0
247,-2.0,control,0
248,1.0,manipulation,1
249,1.0,control,1
250,1.0,control,1
251,0.0,control,0
252,0.0,control,0
253,-3.0,manipulation,0
254,1.0,control,1
255,0.0,manipulation,0
256,2.0,manipulation,1
257,1.0,control,1
258,0.5,manipulation,1
259,-1.0,control,0
260,2.0,control,1
261,-3.0,control,0
262,-3.0,manipulation,0
263,-2.0,control,0
264,-1.0,manipulation,0
265,0.0,manipulation,0
266,-1.0,manipulation,0
267,0.0,control,1
268,-1.0,manipulation,0
269,-3.0,control,0
270,1.0,control,1
271,-3.0,control,0
272,0.5,control,1
273,3.0,control,1
274,2.0,control,1
275,3.0,control,1
276,-1.0,manipulation,0
277,-3.0,control,0
278,-3.0,manipulation,1
279,2.0,manipulation,0
280,1.0,control,0
281,0.0,manipulation,1
282,-0.5,control,0
283,-2.0,manipulation,0
284,-2.0,control,0
285,-0.5,manipulation,0
286,-3.0,manipulation,0
287,0.0,control,1
288,-1.0,control,0
289,-3.0,control,0
290,-2.0,manipulation,0
291,1.0,manipulation,1
292,-2.0,manipulation,0
293,0.5,control,1
294,0.5,manipulation,0
295,-2.0,control,0
296,-2.0,manipulation,0
297,0.0,control,1
298,0.0,control,0
299,-3.0,control,0
300,-3.0,manipulation,0
301,2.0,manipulation,1
302,-2.0,control,0
303,2.0,control,1
304,-1.0,manipulation,0
305,1.0,control,1
306,-1.0,control,0
307,2.0,control,1
308,0.5,manipulation,1
309,0.0,control,0
310,0.5,control,0
311,-3.0,control,0
312,3.0,control,1
313,2.0,control,1
314,2.0,manipulation,1
315,2.0,manipulation,1
316,2.0,control,1
317,0.0,manipulation,1
318,1.0,manipulation,1
319,3.0,control,1
320,1.0,control,1
321,0.0,manipulation,0
322,-3.0,manipulation,1
323,-3.0,manipulation,0
324,-3.0,control,0
325,0.0,control,0
326,3.0,manipulation,1
327,-0.5,manipulation,1
328,-3.0,control,0
329,1.0,control,1
330,-2.0,manipulation,0
331,2.0,control,1
332,2.0,control,1
333,0.0,control,0
334,1.0,control,1
335,-0.5,manipulation,0
336,-2.0,control,0
337,-0.5,control,0
338,1.0,manipulation,0
339,-0.5,manipulation,1
340,-3.0,manipulation,0
341,-1.0,control,0
342,-0.5,manipulation,1
343,-0.5,manipulation,0
344,1.0,control,1
345,0.5,manipulation,1
346,-1.0,control,0
347,0.0,manipulation,1
348,1.0,manipulation,1
349,0.0,manipulation,1
350,-3.0,manipulation,0
351,-1.0,manipulation,1
352,-1.0,control,0
353,-3.0,manipulation,0
354,-3.0,control,0
355,2.0,control,1
356,-1.0,control,0
357,-3.0,manipulation,0
358,3.0,manipulation,1
359,0.0,control,1
360,2.0,manipulation,1
361,0.5,control,1
362,3.0,control,1
363,-2.0,control,0
364,3.0,control,1
365,-0.5,control,0
366,-2.0,control,0
367,0.5,control,1
368,-0.5,manipulation,0
369,2.0,manipulation,1
370,-0.5,control,0
371,-0.5,control,0
372,-1.0,control,0
373,0.0,manipulation,0
374,3.0,control,1
375,-2.0,manipulation,0
376,2.0,control,1
377,3.0,manipulation,1
378,-1.0,manipulation,0
379,3.0,manipulation,1
380,1.0,manipulation,0
381,-0.5,manipulation,1
382,3.0,manipulation,1
383,0.0,manipulation,0
384,3.0,manipulation,1
385,-1.0,manipulation,0
386,1.0,control,0
387,0.5,manipulation,0
388,3.0,control,1
389,-1.0,control,0
390,-1.0,control,1
391,0.0,manipulation,1
392,0.0,control,0
393,0.0,manipulation,1
394,2.0,control,1
395,1.0,control,1
396,2.0,manipulation,1
397,2.0,control,1
398,0.0,manipulation,0
399,-1.0,control,0
400,-3.0,control,0
401,-0.5,control,0
402,0.5,manipulation,0
403,-3.0,control,0
404,3.0,manipulation,1
405,0.0,control,1
406,-1.0,manipulation,0
407,-2.0,manipulation,0
408,-2.0,control,0
409,-2.0,control,0
410,-0.5,control,0
411,1.0,manipulation,1
412,2.0,control,1
413,-3.0,control,0
414,-0.5,manipulation,1
415,-2.0,manipulation,0
416,-0.5,manipulation,0
417,0.0,manipulation,1
418,1.0,control,1
419,-3.0,manipulation,0
420,-3.0,manipulation,1
421,0.0,control,0
422,0.5,control,1
423,1.0,manipulation,1
424,1.0,control,1
425,3.0,manipulation,1
426,3.0,manipulation,1
427,-1.0,manipulation,0
428,3.0,control,1
429,-1.0,control,0
430,0.0,manipulation,0
431,3.0,control,1
432,1.0,control,1
433,-0.5,control,0
434,0.5,manipulation,0
435,-3.0,control,0
436,-3.0,control,0
437,3.0,manipulation,1
438,-0.5,control,0
439,-2.0,control,0
440,0.0,manipulation,0
441,-2.0,manipulation,0
442,-2.0,manipulation,0
443,0.5,manipulation,1
444,-1.0,manipulation,0
445,-3.0,control,0
446,-0.5,manipulation,1
447,-1.0,manipulation,0
448,-1.0,control,0
449,-1.0,control,1
450,-2.0,manipulation,1
451,-0.5,manipulation,1
452,0.5,manipulation,1
453,-2.0,manipulation,0
454,-2.0,control,0
455,0.5,control,0
456,0.5,manipulation,1
457,-0.5,manipulation,1
458,-1.0,manipulation,0
459,-1.0,control,0
460,2.0,manipulation,1
461,1.0,control,1
462,-2.0,control,0
463,-2.0,control,0
464,-0.5,manipulation,0
465,-0.5,control,1
466,-1.0,control,0
467,-2.0,manipulation,0
468,-0.5,manipulation,0
469,0.0,control,0
470,-2.0,control,0
471,3.0,manipulation,1
472,3.0,control,1
473,-0.5,control,0
474,0.5,control,1
475,-0.5,control,1
476,-0.5,manipulation,0
477,-0.5,manipulation,1
478,0.0,control,0
479,0.0,control,0
480,-1.0,manipulation,0
481,-2.0,control,0
482,-1.0,control,0
483,3.0,control,1
484,2.0,control,1
485,-0.5,control,1
486,-3.0,manipulation,0
487,3.0,control,1
488,1.0,control,1
489,-3.0,manipulation,1
490,-1.0,control,0
491,-3.0,manipulation,0
492,1.0,control,1
493,0.0,manipulation,0
494,1.0,control,1
495,2.0,manipulation,1
496,2.0,manipulation,1
497,-0.5,control,0
498,0.5,control,1
499,0.5,manipulation,1
500,-1.0,control,0
501,3.0,manipulation,1
502,-0.5,manipulation,0
503,-1.0,manipulation,1
504,-1.0,control,0
505,3.0,manipulation,1
506,-0.5,manipulation,0
507,-3.0,control,0
508,2.0,manipulation,1
509,-0.5,control,0
510,0.5,control,1
511,1.0,control,1
512,0.0,manipulation,1
513,2.0,control,1
514,-0.5,control,1
515,-2.0,control,0
516,-3.0,manipulation,0
517,-1.0,control,1
518,1.0,control,1
519,0.0,control,0
520,0.0,control,1
521,2.0,manipulation,1
522,3.0,manipulation,1
523,1.0,manipulation,1
524,1.0,control,1
525,0.0,manipulation,1
526,1.0,control,1
527,1.0,control,0
528,2.0,manipulation,1
529,1.0,control,1
530,0.0,control,0
531,0.5,manipulation,0
532,0.5,manipulation,1
533,-1.0,control,0
534,0.5,manipulation,1
535,0.0,control,1
536,-0.5,manipulation,0
537,2.0,manipulation,1
538,2.0,control,1
539,-3.0,control,0
540,2.0,control,1
541,-0.5,control,0
542,2.0,manipulation,1
543,1.0,manipulation,1
544,0.5,manipulation,0
545,-0.5,manipulation,0
546,3.0,control,1
547,-0.5,manipulation,0
548,2.0,manipulation,1
549,-0.5,manipulation,0
550,1.0,manipulation,0
551,0.5,control,1
552,0.0,control,1
553,-1.0,control,0
554,1.0,manipulation,1
555,-1.0,control,0
556,2.0,manipulation,1
557,-3.0,manipulation,0
558,0.0,manipulation,1
559,2.0,control,1
560,2.0,manipulation,1
561,-3.0,manipulation,0
562,2.0,control,1
563,0.5,manipulation,1
564,3.0,control,1
565,2.0,control,1
566,-3.0,control,0
567,-1.0,manipulation,0
568,-3.0,control,0
569,1.0,control,1
570,-1.0,control,0
571,0.0,control,0
572,-1.0,control,0
573,0.0,manipulation,1
574,1.0,control,1
575,-0.5,manipulation,0
576,-2.0,control,0
577,-3.0,control,0
578,0.0,manipulation,1
579,0.0,control,0
580,2.0,manipulation,1
581,-1.0,manipulation,1
582,2.0,control,1
583,1.0,manipulation,0
584,-0.5,control,0
585,-0.5,control,0
586,-1.0,manipulation,0
587,2.0,manipulation,1
588,-2.0,control,0
589,3.0,control,1
590,-1.0,manipulation,0
591,-2.0,manipulation,1
592,2.0,control,1
593,0.0,control,1
594,-3.0,manipulation,1
595,1.0,manipulation,1
596,-0.5,control,0
597,0.5,manipulation,1
598,0.5,manipulation,1
599,3.0,control,1
600,-0.5,manipulation,1
601,-0.5,manipulation,0
602,-1.0,control,1
603,1.0,manipulation,0
604,3.0,control,1
605,-0.5,manipulation,1
606,-2.0,control,0
607,-1.0,control,0
608,-2.0,manipulation,0
609,2.0,manipulation,1
610,-2.0,manipulation,0
611,-2.0,manipulation,0
612,-3.0,control,0
613,1.0,manipulation,0
614,2.0,manipulation,1
615,0.5,manipulation,0
616,2.0,manipulation,1
617,-3.0,manipulation,0
618,-2.0,control,0
619,0.0,manipulation,0
620,1.0,manipulation,1
621,2.0,control,1
622,0.5,manipulation,1
623,0.0,manipulation,1
624,-1.0,manipulation,0
625,3.0,manipulation,1
626,-3.0,control,0
627,-2.0,control,0
628,-0.5,control,1
629,0.0,control,0
630,-2.0,control,0
631,2.0,control,1
632,-0.5,control,0
633,-2.0,control,0
634,3.0,control,1
635,-3.0,manipulation,0
636,2.0,manipulation,0
637,1.0,control,1
638,1.0,manipulation,1
639,0.5,manipulation,0
640,3.0,manipulation,1
641,-1.0,control,0
642,-2.0,manipulation,0
643,-1.0,manipulation,0
644,0.0,manipulation,0
645,0.5,control,0
646,-1.0,control,0
647,2.0,manipulation,1
648,-0.5,control,0
649,1.0,manipulation,1
650,0.5,control,1
651,3.0,control,1
652,-3.0,control,0
653,1.0,control,1
654,3.0,control,1
655,0.0,manipulation,0
656,-3.0,control,0
657,0.5,control,1
658,2.0,manipulation,1
659,-0.5,manipulation,1
660,-0.5,control,0
661,2.0,control,1
662,-1.0,manipulation,0
663,2.0,manipulation,1
664,-1.0,control,0
665,-0.5,manipulation,0
666,-0.5,manipulation,0
667,2.0,manipulation,1
668,-1.0,manipulation,0
669,-1.0,manipulation,0
670,2.0,manipulation,1
671,1.0,control,1
672,0.5,control,1
673,-3.0,control,0
674,2.0,manipulation,1
675,-3.0,manipulation,1
676,0.0,manipulation,1
677,3.0,manipulation,0
678,2.0,manipulation,1
679,0.0,control,1
680,3.0,control,1
681,1.0,manipulation,0
682,-3.0,control,0
683,-3.0,control,0
684,-0.5,manipulation,1
685,1.0,control,1
686,0.5,control,1
687,-1.0,control,0
688,2.0,manipulation,1
689,-1.0,control,0
690,-2.0,manipulation,0
691,1.0,control,1
692,0.5,control,1
693,2.0,control,1
694,1.0,manipulation,1
695,1.0,control,1
696,-2.0,control,0
697,1.0,manipulation,1
698,-0.5,control,0
699,1.0,control,1
700,3.0,control,1
701,-3.0,control,0
702,-3.0,control,0
703,3.0,manipulation,1
704,3.0,control,1
705,-0.5,manipulation,0
706,-2.0,manipulation,0
707,-0.5,control,1
708,0.0,control,0
709,-2.0,control,0
710,-0.5,manipulation,0
711,1.0,control,1
712,2.0,control,1
713,0.0,manipulation,0
714,-3.0,manipulation,0
715,0.0,control,0
716,-3.0,control,0
717,1.0,manipulation,1
718,1.0,manipulation,1
719,-2.0,manipulation,0
720,1.0,control,1
721,0.0,manipulation,0
722,-2.0,manipulation,0
723,-2.0,control,0
724,2.0,control,1
725,-2.0,control,0
726,-0.5,manipulation,0
727,0.0,control,0
728,2.0,control,1
729,0.5,manipulation,0
730,2.0,control,1
731,-3.0,manipulation,0
732,0.5,control,1
733,-3.0,manipulation,0
734,-1.0,control,0
735,0.0,control,0
736,-2.0,control,0
737,1.0,control,1
738,0.0,manipulation,1
739,0.0,manipulation,0
740,1.0,control,1
741,0.0,control,0
742,3.0,manipulation,0
743,-0.5,control,0
744,-0.5,control,0
745,2.0,manipulation,1
746,3.0,control,1
747,-3.0,manipulation,0
748,0.0,manipulation,1
749,3.0,manipulation,1
750,2.0,control,1
751,0.5,control,1
752,-3.0,manipulation,0
753,-1.0,control,0
754,-3.0,control,0
755,3.0,control,1
756,-2.0,control,0
757,2.0,manipulation,1
758,3.0,control,1
759,-2.0,manipulation,0
760,-0.5,manipulation,1
761,-1.0,control,0
762,-1.0,control,0
763,1.0,control,1
764,0.0,control,1
765,-1.0,control,0
766,-2.0,manipulation,0
767,-2.0,control,0
768,1.0,manipulation,1
769,2.0,control,1
770,3.0,control,1
771,-0.5,manipulation,1
772,-3.0,control,0
773,-3.0,control,0
774,-1.0,control,0
775,-1.0,control,0
776,2.0,control,1
777,2.0,control,1
778,-2.0,control,0
779,1.0,control,1
780,1.0,manipulation,0
781,0.5,control,1
782,0.5,manipulation,0
783,-3.0,control,0
784,3.0,control,1
785,0.5,manipulation,0
786,3.0,control,1
787,1.0,control,1
788,3.0,control,1
789,-3.0,control,0
790,0.5,manipulation,1
791,-0.5,control,0
792,-3.0,manipulation,0
793,2.0,control,1
794,-2.0,manipulation,0
795,-3.0,manipulation,0
796,-3.0,control,0
797,-0.5,control,1
798,-3.0,control,0
799,-1.0,manipulation,0
800,-0.5,manipulation,0
801,1.0,manipulation,1
802,-0.5,control,0
803,0.5,manipulation,1
804,3.0,manipulation,1
805,0.0,manipulation,1
806,2.0,manipulation,1
807,3.0,manipulation,0
808,-3.0,control,0
809,1.0,manipulation,1
810,0.0,manipulation,0
811,-2.0,control,0
812,1.0,control,1
813,-3.0,manipulation,0
814,2.0,control,1
815,-3.0,manipulation,0
816,0.0,control,0
817,-1.0,control,1
818,2.0,manipulation,1
819,3.0,control,1
820,1.0,control,1
821,-2.0,control,0
822,1.0,control,1
823,0.5,manipulation,0
824,-3.0,control,0
825,-3.0,control,0
826,2.0,control,1
827,0.5,control,0
828,2.0,manipulation,1
829,3.0,control,1
830,-2.0,control,0
831,-2.0,control,0
832,-3.0,manipulation,0
833,-2.0,control,0
834,0.5,manipulation,0
835,2.0,control,1
836,0.0,control,1
837,-2.0,control,0
838,1.0,manipulation,0
839,-3.0,control,0
840,-1.0,manipulation,1
841,2.0,manipulation,1
842,-3.0,control,0
843,-3.0,control,0
844,0.5,control,1
845,-2.0,manipulation,0
846,1.0,manipulation,1
847,2.0,control,1
848,2.0,control,1
849,1.0,manipulation,0
850,0.0,manipulation,0
851,-1.0,control,0
852,1.0,manipulation,1
853,-3.0,control,0
854,0.5,manipulation,1
855,0.0,control,1
856,-2.0,manipulation,1
857,-2.0,manipulation,0
858,-1.0,control,0
859,3.0,manipulation,1
860,0.0,manipulation,0
861,0.5,control,1
862,3.0,manipulation,1
863,1.0,control,1
864,2.0,manipulation,1
865,0.5,control,1
866,0.5,control,1
867,0.5,manipulation,0
868,3.0,control,1
869,-3.0,manipulation,0
870,0.0,control,1
871,-1.0,control,0
872,-3.0,control,0
873,2.0,manipulation,1
874,-2.0,control,0
875,-0.5,control,0
876,-0.5,control,1
877,2.0,control,1
878,-1.0,manipulation,1
879,-3.0,control,0
880,0.0,manipulation,0
881,0.5,manipulation,1
882,2.0,control,1
883,1.0,manipulation,1
884,-1.0,control,0
885,-2.0,control,0
886,1.0,control,1
887,-0.5,control,0
888,-2.0,manipulation,0
889,3.0,manipulation,1
890,2.0,manipulation,1
891,-0.5,control,0
892,0.5,manipulation,0
893,-2.0,control,0
894,-2.0,manipulation,0
895,-1.0,control,1
896,3.0,manipulation,1
897,-0.5,control,0
898,-2.0,control,0
899,1.0,manipulation,0
900,-2.0,control,1
901,0.5,manipulation,0
902,0.0,control,1
903,2.0,control,1
904,0.5,manipulation,1
905,1.0,manipulation,0
906,3.0,manipulation,1
907,0.5,control,0
908,-1.0,manipulation,1
909,-1.0,manipulation,0
910,0.0,manipulation,0
911,-2.0,manipulation,0
912,-1.0,manipulation,0
913,0.5,manipulation,0
914,-3.0,manipulation,0
915,-2.0,manipulation,0
916,-2.0,control,0
917,0.5,manipulation,0
918,0.0,control,1
919,2.0,manipulation,1
920,-1.0,control,1
921,3.0,control,1
922,-1.0,control,0
923,-2.0,manipulation,0
924,0.5,manipulation,0
925,-3.0,manipulation,0
926,2.0,control,1
927,-2.0,control,0
928,0.5,control,1
929,-0.5,control,0
930,-3.0,control,0
931,-1.0,control,1
932,-1.0,control,0
933,1.0,manipulation,1
934,0.0,manipulation,1
935,-3.0,control,0
936,-2.0,control,0
937,0.5,manipulation,0
938,1.0,control,1
939,2.0,control,1
940,3.0,control,1
941,0.0,control,0
942,3.0,control,1
943,0.5,manipulation,1
944,-3.0,control,0
945,-2.0,control,0
946,0.5,manipulation,1
947,-2.0,manipulation,0
948,0.0,manipulation,0
949,-1.0,manipulation,1
950,-2.0,manipulation,0
951,-3.0,manipulation,0
952,2.0,manipulation,1
953,-1.0,control,0
954,3.0,manipulation,1
955,-0.5,control,0
956,2.0,manipulation,1
957,3.0,manipulation,1
958,0.5,control,1
959,2.0,manipulation,0
960,0.5,manipulation,1
961,0.5,manipulation,0
962,2.0,control,1
963,0.5,control,1
964,-3.0,control,0
965,-3.0,manipulation,0
966,-2.0,manipulation,0
967,-3.0,control,0
968,1.0,control,1
969,0.0,control,0
970,-1.0,control,0
971,-2.0,control,0
972,-3.0,manipulation,0
973,0.0,manipulation,0
974,3.0,control,1
975,0.0,manipulation,0
976,0.0,manipulation,0
977,1.0,control,1
978,-1.0,manipulation,0
979,-0.5,control,0
980,2.0,manipulation,1
981,0.5,control,0
982,-3.0,manipulation,0
983,1.0,control,0
984,-0.5,manipulation,1
985,-0.5,control,0
986,-2.0,manipulation,0
987,3.0,control,1
988,-0.5,manipulation,0
989,-1.0,control,0
990,-1.0,control,1
991,-1.0,manipulation,0
992,2.0,manipulation,0
993,2.0,control,1
994,0.0,control,1
995,0.0,manipulation,1
996,-1.0,control,0
997,-3.0,control,0
998,1.0,manipulation,0
999,-0.5,control,1
1000,0.0,manipulation,1
1001,-3.0,manipulation,0
1002,1.0,control,1
1003,0.0,control,1
1004,3.0,control,1
1005,3.0,manipulation,1
1006,-1.0,manipulation,0
1007,-3.0,manipulation,0
1008,3.0,manipulation,1
1009,0.5,manipulation,1
1010,2.0,manipulation,1
1011,-0.5,control,0
1012,-1.0,manipulation,1
1013,0.5,manipulation,1
1014,1.0,control,1
1015,0.5,manipulation,0
1016,2.0,manipulation,1
1017,-1.0,manipulation,0
1018,2.0,manipulation,0
1019,-1.0,control,0
1020,0.0,control,1
1021,-1.0,manipulation,0
1022,-3.0,control,0
1023,0.5,control,1
1024,-1.0,manipulation,0
1025,-2.0,manipulation,1
1026,-1.0,manipulation,0
1027,3.0,control,1
1028,2.0,manipulation,1
1029,3.0,manipulation,1
1030,1.0,manipulation,1
1031,0.0,manipulation,0
1032,2.0,control,1
1033,1.0,manipulation,0
1034,-3.0,control,0
1035,0.0,manipulation,1
1036,-2.0,manipulation,0
1037,-0.5,control,0
1038,-3.0,control,0
1039,1.0,control,1
1040,-3.0,manipulation,0
1041,-1.0,control,0
1042,1.0,manipulation,1
1043,-2.0,manipulation,1
1044,0.0,manipulation,1
1045,-1.0,manipulation,1
1046,-1.0,control,0
1047,-3.0,manipulation,0
1048,-0.5,control,1
1049,-0.5,control,1
1050,0.5,manipulation,1
1051,-1.0,manipulation,1
1052,-1.0,manipulation,0
1053,-3.0,manipulation,1
1054,-1.0,control,0
1055,2.0,manipulation,1
1056,-1.0,manipulation,0
1057,2.0,manipulation,1
1058,1.0,manipulation,1
1059,-0.5,control,1
1060,-1.0,control,1
1061,-1.0,manipulation,0
1062,-2.0,control,0
1063,3.0,control,1
1064,2.0,manipulation,1
1065,2.0,manipulation,0
1066,0.0,manipulation,1
1067,-2.0,control,0
1068,-1.0,manipulation,0
1069,-3.0,control,0
1070,-0.5,control,1
1071,3.0,manipulation,1
1072,1.0,manipulation,1
1073,-1.0,manipulation,1
1074,0.0,control,0
1075,-1.0,control,0
1076,2.0,control,1
1077,-2.0,manipulation,0
1078,0.5,manipulation,0
1079,0.0,control,0
1080,1.0,manipulation,1
1081,-1.0,manipulation,1
1082,-3.0,control,0
1083,2.0,manipulation,1
1084,-1.0,control,0
1085,1.0,control,1
1086,1.0,control,1
1087,2.0,control,1
1088,-1.0,control,0
1089,-1.0,control,0
1090,-2.0,control,0
1091,-3.0,control,0
1092,0.0,control,1
1093,1.0,manipulation,1
1094,0.5,control,0
1095,-3.0,manipulation,0
1096,1.0,manipulation,1
1097,2.0,control,1
1098,0.5,control,0
1099,-1.0,manipulation,0
1100,1.0,control,1
1101,1.0,manipulation,1
1102,2.0,manipulation,1
1103,3.0,manipulation,1
1104,-3.0,manipulation,1
1105,-3.0,manipulation,0
1106,-2.0,manipulation,1
1107,3.0,manipulation,1
1108,-2.0,manipulation,0
1109,-1.0,control,0
1110,-3.0,control,0
1111,-2.0,manipulation,0
1112,1.0,manipulation,0
1113,-2.0,control,0
1114,1.0,control,1
1115,-0.5,manipulation,0
1116,-2.0,control,0
1117,0.5,manipulation,0
1118,-3.0,manipulation,0
1119,-0.5,control,1
1120,1.0,manipulation,1
1121,0.0,control,0
1122,2.0,control,1
1123,0.5,manipulation,1
1124,0.5,manipulation,1
1125,-2.0,manipulation,0
1126,-2.0,manipulation,0
1127,0.0,control,0
1128,0.5,manipulation,1
1129,3.0,control,1
1130,-0.5,control,0
1131,-0.5,control,0
1132,-2.0,control,0
1133,-1.0,manipulation,0
1134,-3.0,manipulation,0
1135,1.0,control,0
1136,2.0,control,1
1137,0.0,manipulation,1
1138,1.0,manipulation,1
1139,0.5,manipulation,1
1140,0.5,control,1
1141,-2.0,manipulation,0
1142,2.0,manipulation,1
1143,-1.0,manipulation,0
1144,-2.0,control,0
1145,-3.0,control,0
1146,-2.0,manipulation,1
1147,3.0,control,1
1148,-2.0,manipulation,0
1149,-3.0,manipulation,0
1150,-0.5,control,1
1151,-2.0,control,0
1152,0.0,manipulation,0
1153,-0.5,control,0
1154,3.0,control,1
1155,3.0,manipulation,1
1156,-0.5,manipulation,1
1157,-2.0,control,0
1158,-2.0,control,0
1159,1.0,control,1
1160,3.0,manipulation,1
1161,-0.5,control,1
1162,0.0,control,0
1163,-0.5,manipulation,0
1164,3.0,manipulation,1
1165,-3.0,control,0
1166,3.0,manipulation,0
1167,-3.0,manipulation,0
1168,-0.5,manipulation,0
1169,2.0,manipulation,0
1170,1.0,control,0
1171,0.5,control,0
1172,1.0,manipulation,1
1173,0.0,control,0
1174,-2.0,manipulation,0
1175,1.0,control,1
1176,1.0,control,1
1177,-1.0,manipulation,0
1178,-0.5,control,1
1179,0.0,control,0
1180,0.5,manipulation,1
1181,1.0,control,1
1182,3.0,manipulation,1
1183,2.0,control,1
1184,0.5,manipulation,1
1185,-0.5,manipulation,0
1186,-1.0,control,0
1187,1.0,control,1
1188,0.5,control,0
1189,-0.5,manipulation,1
1190,3.0,manipulation,1
1191,-0.5,control,1
1192,0.5,control,1
1193,0.0,manipulation,1
1194,0.5,manipulation,1
1195,-2.0,control,0
1196,0.5,control,1
1197,-3.0,control,0
1198,1.0,manipulation,0
1199,2.0,control,1
1200,-3.0,manipulation,0
1201,3.0,manipulation,1
1202,1.0,control,1
1203,2.0,control,1
1204,-1.0,control,1
1205,-1.0,manipulation,0
1206,0.0,control,0
1207,0.0,manipulation,1
1208,3.0,manipulation,1
1209,2.0,manipulation,1
1210,1.0,control,0
1211,-1.0,manipulation,1
1212,-1.0,manipulation,0
1213,-1.0,control,0
1214,-2.0,manipulation,0
1215,2.0,manipulation,1
1216,2.0,control,1
1217,-1.0,manipulation,0
1218,3.0,manipulation,1
1219,2.0,manipulation,1
1220,3.0,manipulation,1
1221,-0.5,manipulation,0
1222,-1.0,control,1
1223,3.0,manipulation,1
1224,0.0,control,0
1225,0.5,manipulation,1
1226,0.5,control,1
1227,1.0,control,1
1228,-3.0,control,0
1229,0.5,manipulation,1
1230,-3.0,manipulation,0
1231,-2.0,manipulation,0
1232,-3.0,manipulation,0
1233,0.0,control,0
1234,2.0,manipulation,1
1235,1.0,manipulation,0
1236,0.0,manipulation,1
1237,1.0,control,1
1238,0.0,manipulation,0
1239,-2.0,manipulation,0
1240,0.5,manipulation,0
1241,0.0,manipulation,0
1242,-1.0,manipulation,0
1243,-0.5,manipulation,0
1244,-1.0,control,0
1245,-2.0,control,0
1246,-1.0,control,1
1247,0.5,control,1
1248,1.0,manipulation,1
1249,2.0,manipulation,1
1250,3.0,manipulation,1
1251,-1.0,manipulation,0
1252,2.0,control,1
1253,1.0,control,1
1254,0.5,control,1
1255,-2.0,manipulation,0
1256,-0.5,control,0
1257,-0.5,manipulation,0
1258,-3.0,control,0
1259,0.5,control,1
1260,1.0,manipulation,1
1261,-1.0,manipulation,0
1262,0.5,manipulation,1
1263,1.0,manipulation,1
1264,-0.5,control,1
1265,0.5,manipulation,1
1266,0.0,control,0
1267,0.5,control,1
1268,-3.0,control,0
1269,0.0,manipulation,0
1270,3.0,manipulation,0
1271,-2.0,manipulation,0
1272,-0.5,control,0
1273,2.0,manipulation,1
1274,-1.0,manipulation,0
1275,0.0,control,1
1276,0.0,manipulation,1
1277,0.0,control,0
1278,-3.0,manipulation,0
1279,3.0,control,1
1280,-0.5,control,0
1281,1.0,manipulation,1
1282,3.0,manipulation,1
1283,-0.5,manipulation,1
1284,-1.0,control,0
1285,0.5,control,1
1286,0.5,control,1
1287,0.0,manipulation,1
1288,-2.0,manipulation,0
1289,2.0,control,1
1290,-2.0,manipulation,0
1291,-2.0,control,0
1292,-0.5,control,1
1293,0.5,manipulation,1
1294,-3.0,manipulation,0
1295,-2.0,control,0
1296,-2.0,control,0
1297,2.0,control,0
1298,2.0,control,1
1299,-2.0,manipulation,0
1300,-0.5,manipulation,1
1301,0.5,control,1
1302,-1.0,manipulation,0
1303,0.0,control,1
1304,1.0,control,1
1305,-2.0,control,0
1306,0.5,manipulation,0
1307,1.0,control,0
1308,-2.0,manipulation,0
1309,-0.5,control,0
1310,-1.0,control,0
1311,0.5,control,1
1312,3.0,manipulation,1
1313,1.0,manipulation,1
1314,-0.5,manipulation,0
1315,1.0,control,1
1316,2.0,manipulation,1
1317,0.0,manipulation,1
1318,0.5,manipulation,0
1319,-2.0,manipulation,1
1320,-2.0,control,0
1321,-1.0,control,0
1322,-1.0,manipulation,1
1323,-3.0,manipulation,0
1324,-2.0,control,0
1325,-1.0,manipulation,1
1326,-0.5,manipulation,0
1327,3.0,control,1
1328,-1.0,manipulation,1
1329,0.5,manipulation,1
1330,0.0,control,1
1331,-1.0,control,0
1332,-3.0,manipulation,0
1333,0.5,manipulation,1
1334,0.5,control,0
1335,-1.0,control,0
1336,2.0,control,1
1337,-2.0,manipulation,0
1338,-3.0,control,0
1339,-2.0,control,0
1340,2.0,control,1
1341,2.0,control,1
1342,2.0,manipulation,0
1343,-2.0,control,0
1344,-0.5,control,1
1345,0.5,control,1
1346,0.5,control,1
1347,-0.5,control,1
1348,0.5,control,1
1349,-2.0,control,0
1350,3.0,manipulation,1
1351,2.0,control,1
1352,1.0,control,0
1353,0.5,manipulation,1
1354,1.0,control,1
1355,-0.5,manipulation,0
1356,0.0,manipulation,1
1357,2.0,control,1
1358,0.0,control,1
1359,-1.0,manipulation,0
1360,-0.5,manipulation,1
1361,-1.0,control,1
1362,1.0,manipulation,0
1363,1.0,manipulation,1
1364,-2.0,manipulation,0
1365,1.0,manipulation,0
1366,-3.0,control,0
1367,2.0,manipulation,0
1368,2.0,manipulation,0
1369,-0.5,control,0
1370,-0.5,control,0
1371,-3.0,control,0
1372,-1.0,control,0
1373,1.0,manipulation,1
1374,0.5,manipulation,0
1375,2.0,manipulation,0
1376,0.0,manipulation,1
1377,-1.0,control,0
1378,-1.0,control,0
1379,-1.0,manipulation,0
1380,3.0,manipulation,1
1381,-3.0,control,0
1382,0.0,control,0
1383,-1.0,manipulation,0
1384,3.0,control,1
1385,-0.5,manipulation,0
1386,0.5,manipulation,1
1387,1.0,manipulation,0
1388,-0.5,manipulation,0
1389,-1.0,manipulation,1
1390,-1.0,manipulation,0
1391,0.0,manipulation,1
1392,-0.5,control,0
1393,0.0,manipulation,1
1394,2.0,control,1
1395,0.0,control,1
1396,3.0,control,1
1397,3.0,control,1
1398,0.0,manipulation,1
1399,-1.0,manipulation,1
1400,3.0,manipulation,1
1401,0.0,manipulation,1
1402,0.5,control,1
1403,-2.0,control,0
1404,0.0,control,1
1405,1.0,manipulation,1
1406,3.0,manipulation,1
1407,0.5,manipulation,0
1408,-1.0,manipulation,0
1409,0.0,control,0
1410,3.0,control,1
1411,3.0,control,1
1412,-0.5,control,0
1413,2.0,manipulation,1
1414,-1.0,manipulation,0
1415,-3.0,control,0
1416,0.5,control,1
1417,3.0,control,1
1418,3.0,manipulation,1
1419,-2.0,manipulation,0
1420,2.0,manipulation,0
1421,2.0,control,1
1422,3.0,control,1
1423,-3.0,manipulation,0
1424,-0.5,control,1
1425,-0.5,control,1
1426,1.0,control,1
1427,2.0,control,1
1428,2.0,control,1
1429,0.0,manipulation,1
1430,-1.0,manipulation,0
1431,-2.0,manipulation,1
1432,-0.5,control,0
1433,-2.0,control,0
1434,0.0,control,1
1435,3.0,control,1
1436,-3.0,control,0
1437,3.0,control,1
1438,-2.0,manipulation,0
1439,0.5,control,1
1440,0.0,control,0
1441,0.5,manipulation,0
1442,3.0,control,1
1443,-3.0,control,0
1444,-2.0,control,0
1445,-3.0,control,0
1446,3.0,control,1
1447,0.5,manipulation,1
1448,-3.0,control,0
1449,0.0,manipulation,1
1450,2.0,control,1
1451,0.0,manipulation,0
1452,2.0,control,1
1453,-1.0,control,1
1454,-3.0,manipulation,0
1455,1.0,manipulation,1
1456,2.0,control,1
1457,-3.0,manipulation,0
1458,1.0,control,1
1459,-1.0,manipulation,1
1460,3.0,manipulation,1
1461,-3.0,control,0
1462,-3.0,manipulation,0
1463,-2.0,manipulation,0
1464,2.0,control,1
1465,-0.5,control,0
1466,1.0,control,1
1467,-3.0,manipulation,0
1468,-3.0,manipulation,0
1469,0.5,manipulation,0
1470,1.0,control,1
1471,-0.5,control,0
1472,-0.5,manipulation,0
1473,-2.0,manipulation,0
1474,-1.0,manipulation,0
1475,0.5,manipulation,1
1476,-1.0,manipulation,0
1477,0.5,control,1
1478,3.0,manipulation,1
1479,-2.0,manipulation,0
1480,1.0,control,1
1481,1.0,control,1
1482,-3.0,control,0
1483,0.0,control,1
1484,1.0,control,1
1485,3.0,control,1
1486,1.0,manipulation,0
1487,-2.0,manipulation,1
1488,2.0,control,1
1489,3.0,manipulation,1
1490,2.0,control,1
1491,-3.0,manipulation,1
1492,1.0,control,1
1493,2.0,manipulation,0
1494,-1.0,manipulation,0
1495,-0.5,manipulation,0
1496,2.0,manipulation,0
1497,-1.0,control,1
1498,-2.0,control,0
1499,0.0,control,0
1500,-0.5,control,1
1501,-0.5,manipulation,0
1502,-1.0,control,0
1503,-1.0,manipulation,0
1504,-3.0,manipulation,0
1505,1.0,control,0
1506,0.5,control,1
1507,-2.0,manipulation,0
1508,-2.0,manipulation,0
1509,0.5,control,1
1510,-3.0,manipulation,0
1511,-2.0,manipulation,0
1512,1.0,manipulation,1
1513,1.0,manipulation,0
1514,3.0,control,1
1515,3.0,manipulation,1
1516,2.0,control,1
1517,-1.0,manipulation,0
1518,3.0,manipulation,1
1519,2.0,manipulation,1
1520,3.0,control,1
1521,-2.0,control,0
1522,-3.0,manipulation,0
1523,2.0,manipulation,1
1524,0.5,control,0
1525,1.0,manipulation,1
1526,-2.0,manipulation,1
1527,2.0,manipulation,1
1528,-1.0,manipulation,0
1529,-3.0,control,0
1530,0.0,control,0
1531,0.5,control,1
1532,3.0,control,1
1533,2.0,manipulation,1
1534,-3.0,manipulation,0
1535,0.5,control,1
1536,-3.0,control,0
1537,3.0,control,1
1538,0.0,manipulation,0
1539,-1.0,manipulation,0
1540,2.0,control,1
1541,-1.0,manipulation,0
1542,1.0,control,1
1543,0.0,control,0
1544,1.0,control,1
1545,1.0,control,1
1546,3.0,control,1
1547,1.0,control,1
1548,2.0,control,1
1549,0.0,control,0
1550,2.0,manipulation,1
1551,-2.0,manipulation,0
1552,-1.0,manipulation,0
1553,0.0,control,0
1554,1.0,control,1
1555,2.0,control,1
1556,0.5,control,1
1557,-1.0,control,0
1558,1.0,control,1
1559,0.5,control,1
1560,1.0,manipulation,1
1561,-3.0,manipulation,0
1562,-2.0,control,0
1563,-0.5,control,1
1564,0.5,control,1
1565,-3.0,control,0
1566,3.0,manipulation,1
1567,3.0,control,1
1568,3.0,manipulation,1
1569,2.0,manipulation,1
1570,0.5,control,1
1571,-1.0,control,0
1572,-3.0,manipulation,0
1573,-2.0,manipulation,0
1574,1.0,control,0
1575,-1.0,control,0
1576,3.0,control,1
1577,-3.0,control,0
1578,1.0,control,1
1579,-1.0,control,0
1580,0.5,manipulation,0
1581,2.0,control,1
1582,3.0,manipulation,1
1583,1.0,control,1
1584,1.0,control,1
1585,-2.0,control,0
1586,-1.0,control,0
1587,2.0,control,1
1588,0.5,control,0
1589,-2.0,control,0
1590,-2.0,manipulation,0
1591,-2.0,control,0
1592,-1.0,control,0
1593,1.0,manipulation,1
1594,-0.5,manipulation,1
1595,3.0,control,1
1596,3.0,control,1
1597,2.0,manipulation,0
1598,1.0,control,1
1599,1.0,manipulation,1
1600,3.0,control,1
1601,-3.0,control,0
1602,2.0,control,1
1603,1.0,manipulation,1
1604,2.0,control,1
1605,2.0,manipulation,1
1606,-2.0,manipulation,0
1607,0.0,control,0
1608,-0.5,manipulation,1
1609,-0.5,manipulation,0
1610,2.0,manipulation,1
1611,-0.5,manipulation,1
1612,0.0,manipulation,0
1613,1.0,control,1
1614,2.0,control,0
1615,0.5,control,1
1616,-1.0,control,0
1617,-3.0,manipulation,0
1618,0.0,control,0
1619,3.0,control,1
1620,3.0,control,1
1621,-0.5,control,1
1622,-3.0,control,0
1623,0.0,manipulation,1
1624,-1.0,control,0
1625,-1.0,control,0
1626,3.0,control,1
1627,3.0,manipulation,1
1628,3.0,manipulation,1
1629,-2.0,manipulation,1
1630,-0.5,manipulation,1
1631,-1.0,control,0
1632,-3.0,control,0
1633,0.5,control,1
1634,-1.0,manipulation,1
1635,-3.0,control,0
1636,3.0,control,1
1637,1.0,control,1
1638,-3.0,control,0
1639,0.0,control,0
1640,0.5,manipulation,1
1641,0.0,manipulation,1
1642,-2.0,control,0
1643,2.0,manipulation,1
1644,1.0,manipulation,1
1645,-3.0,control,0
1646,2.0,control,1
1647,1.0,manipulation,0
1648,0.0,control,0
1649,0.0,control,0
1650,3.0,control,1
1651,0.5,control,1
1652,0.5,manipulation,0
1653,0.5,manipulation,1
1654,1.0,control,0
1655,-3.0,control,0
1656,-2.0,manipulation,0
1657,3.0,control,1
1658,0.0,manipulation,1
1659,0.0,manipulation,1
1660,-2.0,control,0
1661,2.0,manipulation,1
1662,-2.0,manipulation,0
1663,-3.0,manipulation,0
1664,2.0,control,1
1665,-1.0,manipulation,0
1666,3.0,manipulation,1
1667,1.0,control,0
1668,-3.0,control,0
1669,-2.0,control,0
1670,-0.5,control,0
1671,-3.0,control,0
1672,2.0,manipulation,0
1673,-0.5,manipulation,0
1674,0.5,control,1
1675,-0.5,control,0
1676,-0.5,manipulation,1
1677,3.0,control,1
1678,0.5,control,0
1679,2.0,control,1
1680,-2.0,manipulation,0
1681,-2.0,manipulation,0
1682,0.0,control,1
1683,-1.0,control,1
1684,0.0,manipulation,0
1685,2.0,manipulation,1
1686,-1.0,control,0
1687,2.0,control,1
1688,0.0,control,0
1689,-3.0,control,0
1690,-2.0,manipulation,0
1691,0.5,manipulation,1
1692,0.5,manipulation,1
1693,-0.5,control,0
1694,-1.0,control,0
1695,-3.0,manipulation,0
1696,2.0,control,1
1697,-2.0,manipulation,0
1698,-0.5,manipulation,1
1699,-2.0,manipulation,0
1700,0.5,control,1
1701,3.0,control,1
1702,-1.0,manipulation,0
1703,1.0,control,1
1704,-0.5,control,0
1705,-0.5,manipulation,1
1706,3.0,manipulation,1
1707,3.0,manipulation,1
1708,-2.0,manipulation,0
1709,0.0,manipulation,1
1710,3.0,control,1
1711,-2.0,manipulation,0
1712,1.0,manipulation,1
1713,-2.0,manipulation,0
1714,2.0,control,1
1715,-3.0,control,0
1716,2.0,control,1
1717,1.0,control,1
1718,-0.5,control,0
1719,1.0,control,1
1720,1.0,control,1
1721,-1.0,control,0
1722,-3.0,manipulation,0
1723,-0.5,control,0
1724,-0.5,control,1
1725,3.0,control,1
1726,0.0,manipulation,1
1727,-2.0,control,0
1728,-2.0,manipulation,0
1729,1.0,control,1
1730,1.0,control,1
1731,-0.5,manipulation,0
1732,-2.0,control,0
1733,3.0,control,1
1734,0.0,control,0
1735,3.0,manipulation,1
1736,-3.0,control,0
1737,-3.0,manipulation,0
1738,-2.0,control,0
1739,-2.0,control,0
1740,3.0,manipulation,1
1741,-0.5,manipulation,1
1742,-2.0,manipulation,0
1743,0.0,control,1
1744,-0.5,control,0
1745,-0.5,manipulation,0
1746,-1.0,control,0
1747,1.0,manipulation,1
1748,-0.5,control,0
1749,-1.0,control,0
1750,0.5,manipulation,1
1751,0.5,manipulation,0
1752,3.0,control,1
1753,2.0,manipulation,1
1754,2.0,manipulation,1
1755,2.0,manipulation,1
1756,-3.0,control,0
1757,2.0,manipulation,1
1758,-2.0,manipulation,0
1759,3.0,manipulation,1
1760,-3.0,control,0
1761,3.0,control,1
1762,-1.0,control,0
1763,-0.5,manipulation,0
1764,-1.0,control,0
1765,0.0,control,1
1766,-2.0,control,0
1767,0.5,manipulation,1
1768,0.0,control,0
1769,3.0,control,1
1770,-1.0,manipulation,0
1771,0.0,control,0
1772,1.0,manipulation,1
1773,0.5,control,1
1774,0.0,manipulation,1
1775,2.0,control,1
1776,3.0,manipulation,1
1777,1.0,manipulation,0
1778,-2.0,control,0
1779,0.5,manipulation,1
1780,-2.0,control,0
1781,-1.0,control,0
1782,2.0,manipulation,0
1783,-1.0,manipulation,0
1784,0.0,control,0
1785,0.0,manipulation,1
1786,-3.0,manipulation,0
1787,0.0,control,0
1788,1.0,control,0
1789,-1.0,control,0
1790,-2.0,manipulation,0
1791,1.0,manipulation,1
1792,0.0,manipulation,0
1793,0.0,control,1
1794,1.0,manipulation,1
1795,2.0,control,1
1796,1.0,manipulation,0
1797,1.0,control,1
1798,-1.0,control,0
1799,2.0,control,1
1800,-3.0,manipulation,0
1801,-0.5,control,0
1802,0.5,manipulation,1
1803,-2.0,control,0
1804,-0.5,control,0
1805,-0.5,manipulation,0
1806,0.5,control,0
1807,-0.5,manipulation,1
1808,-0.5,manipulation,0
1809,1.0,control,1
1810,-2.0,control,0
1811,-2.0,manipulation,0
1812,-2.0,manipulation,0
1813,2.0,control,1
1814,0.0,manipulation,1
1815,-1.0,control,0
1816,0.0,manipulation,0
1817,-2.0,control,0
1818,-3.0,control,0
1819,3.0,control,1
1820,-0.5,manipulation,1
1821,1.0,manipulation,1
1822,-2.0,manipulation,0
1823,-3.0,manipulation,0
1824,-0.5,manipulation,1
1825,0.0,control,0
1826,1.0,control,1
1827,0.5,control,1
1828,0.0,control,0
1829,-1.0,control,1
1830,-2.0,manipulation,0
1831,-2.0,manipulation,0
1832,-3.0,control,0
1833,-2.0,manipulation,0
1834,3.0,control,1
1835,-1.0,control,0
1836,3.0,control,1
1837,0.0,manipulation,1
1838,3.0,manipulation,1
1839,0.0,control,0
1840,-3.0,manipulation,0
1841,-0.5,control,0
1842,0.5,manipulation,1
1843,-3.0,manipulation,0
1844,-0.5,control,1
1845,0.0,manipulation,0
1846,0.5,manipulation,1
1847,-0.5,manipulation,1
1848,1.0,manipulation,0
1849,3.0,control,1
1850,-1.0,manipulation,0
1851,0.0,manipulation,0
1852,0.0,manipulation,0
1853,2.0,control,1
1854,0.0,manipulation,0
1855,2.0,control,1
1856,0.0,control,0
1857,-0.5,manipulation,0
1858,-2.0,control,0
1859,3.0,control,1
1860,3.0,manipulation,1
1861,-2.0,control,0
1862,-3.0,control,0
1863,-2.0,control,0
1864,-1.0,control,0
1865,-2.0,manipulation,0
1866,1.0,manipulation,1
1867,-3.0,manipulation,0
1868,-0.5,control,0
1869,0.0,control,1
1870,0.0,manipulation,1
1871,0.5,manipulation,0
1872,1.0,manipulation,1
1873,2.0,manipulation,1
1874,0.5,control,1
1875,-1.0,control,0
1876,0.0,control,1
1877,-0.5,control,0
1878,-0.5,control,1
1879,-2.0,control,0
1880,0.0,manipulation,0
1881,0.5,control,1
1882,-1.0,control,0
1883,0.0,control,1
1884,2.0,manipulation,1
1885,0.5,manipulation,1
1886,-2.0,manipulation,0
1887,0.0,control,0
1888,-2.0,control,0
1889,-3.0,manipulation,0
1890,3.0,control,1
1891,-3.0,manipulation,0
1892,0.0,manipulation,1
1893,2.0,control,1
1894,2.0,control,1
1895,2.0,manipulation,1
1896,3.0,control,1
1897,3.0,manipulation,1
1898,3.0,control,1
1899,1.0,manipulation,1
1900,0.5,manipulation,1
1901,-0.5,control,1
1902,3.0,control,1
1903,-2.0,manipulation,0
1904,-0.5,control,0
1905,-3.0,manipulation,0
1906,0.0,manipulation,0
1907,-1.0,control,0
1908,-3.0,control,0
1909,-1.0,manipulation,0
1910,-3.0,manipulation,0
1911,-3.0,manipulation,0
1912,1.0,control,1
1913,3.0,control,1
1914,0.0,manipulation,1
1915,-0.5,control,0
1916,-3.0,manipulation,0
1917,-1.0,manipulation,0
1918,-2.0,control,0
1919,0.0,control,1
1920,0.0,manipulation,1
1921,0.0,manipulation,0
1922,0.0,control,1
1923,2.0,control,1
1924,2.0,manipulation,1
1925,0.5,control,1
1926,-0.5,control,0
1927,-1.0,manipulation,0
1928,3.0,manipulation,0
1929,-2.0,control,0
1930,-1.0,manipulation,0
1931,-2.0,manipulation,0
1932,3.0,control,1
1933,-2.0,control,0
1934,-0.5,manipulation,0
1935,-1.0,control,1
1936,3.0,control,1
1937,0.0,control,0
1938,1.0,manipulation,0
1939,0.5,manipulation,0
1940,1.0,control,1
1941,0.5,manipulation,1
1942,-0.5,manipulation,1
1943,-3.0,manipulation,0
1944,-1.0,control,0
1945,-0.5,control,0
1946,-1.0,manipulation,0
1947,1.0,manipulation,0
1948,0.0,control,0
1949,-1.0,control,0
1950,-3.0,control,0
1951,2.0,control,1
1952,2.0,control,1
1953,-3.0,manipulation,0
1954,3.0,control,1
1955,-2.0,manipulation,1
1956,-0.5,control,0
1957,2.0,manipulation,0
1958,3.0,control,1
1959,2.0,control,1
1960,-0.5,manipulation,0
1961,1.0,control,1
1962,-1.0,manipulation,0
1963,-0.5,control,1
1964,-2.0,control,0
1965,-0.5,manipulation,1
1966,-0.5,manipulation,0
1967,0.5,manipulation,1
1968,-0.5,manipulation,0
1969,-3.0,control,0
1970,3.0,control,1
1971,1.0,control,1
1972,-1.0,control,0
1973,0.5,control,1
1974,0.5,control,1
1975,-3.0,manipulation,1
1976,1.0,control,1
1977,2.0,control,1
1978,-1.0,control,0
1979,-1.0,control,0
1980,0.0,manipulation,1
1981,-3.0,manipulation,0
1982,0.0,manipulation,1
1983,2.0,manipulation,1
1984,1.0,control,1
1985,-1.0,manipulation,0
1986,3.0,control,1
1987,1.0,control,1
1988,0.0,control,1
1989,-0.5,manipulation,0
1990,-1.0,manipulation,1
1991,-2.0,control,0
1992,2.0,manipulation,1
1993,-2.0,manipulation,0
1994,-3.0,control,0
1995,-3.0,manipulation,0
1996,1.0,manipulation,1
1997,1.0,manipulation,0
1998,2.0,control,1
1999,-1.0,manipulation,1
2000,-3.0,manipulation,0
2001,0.5,control,1
2002,2.0,manipulation,1
2003,-3.0,control,0
2004,0.0,manipulation,1
2005,-2.0,control,0
2006,3.0,manipulation,1
2007,1.0,control,0
2008,-3.0,control,0
2009,-1.0,control,0
2010,0.5,control,1
2011,0.5,control,1
2012,0.5,manipulation,1
2013,0.5,manipulation,1
2014,2.0,manipulation,1
2015,0.5,control,1
2016,1.0,control,1
2017,-1.0,control,0
2018,0.5,control,0
2019,-0.5,manipulation,0
2020,-0.5,control,1
2021,3.0,manipulation,1
2022,-1.0,control,0
2023,0.0,manipulation,0
2024,-1.0,manipulation,1
2025,0.5,manipulation,1
2026,-3.0,manipulation,0
2027,-1.0,manipulation,0
2028,-0.5,control,0
2029,2.0,manipulation,1
2030,2.0,control,1
2031,0.0,manipulation,1
2032,1.0,control,1
2033,2.0,control,1
2034,1.0,manipulation,0
2035,-0.5,control,1
2036,2.0,control,1
2037,-1.0,manipulation,0
2038,-2.0,manipulation,0
2039,0.5,manipulation,0
2040,-3.0,manipulation,0
2041,1.0,control,1
2042,-0.5,manipulation,0
2043,2.0,manipulation,1
2044,0.0,control,1
2045,0.0,manipulation,1
2046,0.5,control,1
2047,3.0,manipulation,1
2048,1.0,manipulation,0
2049,-1.0,control,0
2050,-1.0,manipulation,0
2051,0.5,manipulation,1
2052,-0.5,control,0
2053,-1.0,manipulation,0
2054,-0.5,manipulation,0
2055,3.0,manipulation,0
2056,-0.5,control,0
2057,0.5,control,1
2058,0.5,control,0
2059,0.0,control,1
2060,-0.5,control,1
2061,-0.5,control,1
2062,0.0,control,0
2063,-2.0,control,0
2064,1.0,manipulation,1
2065,1.0,control,1
2066,3.0,manipulation,1
2067,-3.0,manipulation,0
2068,0.5,manipulation,1
2069,0.0,manipulation,0
2070,-2.0,control,0
2071,-3.0,manipulation,0
2072,-3.0,control,0
2073,0.0,manipulation,1
2074,-0.5,manipulation,1
2075,-0.5,control,0
2076,-1.0,manipulation,0
2077,-0.5,manipulation,0
2078,-1.0,manipulation,0
2079,0.5,control,1
2080,1.0,manipulation,1
2081,-1.0,control,0
2082,-3.0,control,0
2083,2.0,control,1
2084,-1.0,manipulation,0
2085,3.0,control,1
2086,3.0,control,1
2087,-0.5,control,1
2088,-1.0,manipulation,0
2089,-3.0,control,0
2090,3.0,manipulation,1
2091,3.0,control,1
2092,1.0,manipulation,1
2093,0.5,manipulation,1
2094,-2.0,manipulation,1
2095,-2.0,control,0
2096,-1.0,control,0
2097,-3.0,control,0
2098,1.0,manipulation,1
2099,2.0,manipulation,1
2100,-3.0,control,0
2101,0.5,control,0
2102,1.0,control,1
2103,-0.5,manipulation,0
2104,0.5,manipulation,1
2105,-0.5,manipulation,0
2106,-3.0,control,0
2107,1.0,control,1
2108,0.5,manipulation,1
2109,1.0,control,1
2110,0.0,control,0
2111,-0.5,control,0
2112,-1.0,manipulation,0
2113,1.0,manipulation,1
2114,-3.0,manipulation,0
2115,1.0,manipulation,1
2116,-2.0,manipulation,0
2117,-2.0,manipulation,0
2118,-3.0,manipulation,0
2119,1.0,control,0
2120,1.0,manipulation,1
2121,1.0,control,1
2122,-3.0,control,0
2123,-3.0,manipulation,0
2124,-2.0,manipulation,0
2125,-3.0,manipulation,1
2126,1.0,control,1
2127,2.0,manipulation,1
2128,-0.5,control,0
2129,1.0,control,1
2130,1.0,control,1
2131,2.0,control,1
2132,-2.0,manipulation,0
2133,3.0,manipulation,1
2134,-2.0,control,0
2135,3.0,control,1
2136,1.0,manipulation,1
2137,-1.0,control,0
2138,-1.0,manipulation,0
2139,1.0,control,0
2140,3.0,control,1
2141,0.5,control,1
2142,-2.0,manipulation,1
2143,0.5,manipulation,1
2144,-1.0,control,0
2145,0.0,manipulation,1
2146,-3.0,control,0
2147,-1.0,control,0
2148,-2.0,manipulation,0
2149,3.0,control,1
2150,3.0,control,1
2151,3.0,manipulation,0
2152,-3.0,control,0
2153,-2.0,control,0
2154,-2.0,manipulation,1
2155,-3.0,control,0
2156,-3.0,manipulation,0
2157,3.0,manipulation,1
2158,0.5,control,1
2159,1.0,manipulation,1
2160,3.0,control,1
2161,0.5,manipulation,1
2162,-2.0,manipulation,0
2163,-0.5,manipulation,0
2164,1.0,manipulation,1
2165,-3.0,manipulation,0
2166,-3.0,manipulation,0
2167,-2.0,control,0
2168,0.5,control,1
2169,3.0,control,1
2170,3.0,control,1
2171,-3.0,control,0
2172,1.0,manipulation,1
2173,-3.0,manipulation,0
2174,-2.0,manipulation,0
2175,-1.0,manipulation,0
2176,-0.5,manipulation,0
2177,0.5,control,0
2178,-0.5,manipulation,0
2179,2.0,control,1
2180,1.0,manipulation,1
2181,3.0,manipulation,1
2182,-1.0,control,0
2183,0.5,manipulation,1
2184,0.5,manipulation,1
2185,3.0,manipulation,1
2186,-0.5,control,0
2187,1.0,manipulation,1
2188,1.0,manipulation,0
2189,-3.0,manipulation,0
2190,-2.0,control,0
2191,-1.0,manipulation,0
2192,0.0,manipulation,1
2193,-0.5,control,0
2194,2.0,control,1
2195,-1.0,manipulation,0
2196,-0.5,control,1
2197,-2.0,control,0
2198,3.0,control,1
2199,-3.0,control,0
2200,-2.0,manipulation,0
2201,0.0,control,0
2202,1.0,manipulation,1
2203,-2.0,control,0
2204,1.0,manipulation,0
2205,-3.0,manipulation,0
2206,-1.0,control,0
2207,-2.0,control,0
2208,-0.5,control,0
2209,0.5,manipulation,0
2210,2.0,manipulation,1
2211,-2.0,control,0
2212,0.0,control,0
2213,-1.0,control,0
2214,3.0,manipulation,1
2215,2.0,control,1
2216,0.5,control,1
2217,-2.0,control,0
2218,-2.0,manipulation,0
2219,1.0,manipulation,1
2220,0.5,manipulation,0
2221,0.0,control,0
2222,3.0,manipulation,1
2223,-2.0,manipulation,0
2224,-0.5,control,0
2225,2.0,manipulation,1
2226,-1.0,control,0
2227,-2.0,control,0
2228,3.0,manipulation,1
2229,0.5,manipulation,0
2230,0.0,control,0
2231,0.5,control,0
2232,1.0,manipulation,0
2233,0.0,control,0
2234,-3.0,control,0
2235,1.0,control,1
2236,-3.0,manipulation,0
2237,-3.0,control,0
2238,2.0,control,1
2239,3.0,manipulation,1
2240,1.0,manipulation,0
2241,0.0,control,1
2242,-3.0,manipulation,0
2243,0.0,manipulation,1
2244,-0.5,control,1
2245,-2.0,control,0
2246,2.0,manipulation,0
2247,2.0,manipulation,1
2248,0.0,control,1
2249,1.0,control,1
2250,-3.0,manipulation,0
2251,-0.5,control,0
2252,-2.0,control,0
2253,-0.5,manipulation,0
2254,-2.0,manipulation,0
2255,-2.0,control,0
2256,0.0,manipulation,1
2257,2.0,control,1
2258,-1.0,control,0
2259,2.0,control,1
2260,0.0,control,0
2261,3.0,manipulation,1
2262,0.5,manipulation,0
2263,0.0,manipulation,1
2264,2.0,manipulation,1
2265,3.0,control,1
2266,-2.0,control,0
2267,-2.0,control,0
2268,-0.5,control,0
2269,2.0,control,1
2270,-0.5,control,1
2271,3.0,control,1
2272,-0.5,control,0
2273,-1.0,manipulation,0
2274,-2.0,control,0
2275,-2.0,manipulation,0
2276,0.0,manipulation,1
2277,-1.0,manipulation,0
2278,2.0,manipulation,1
2279,-2.0,control,0
2280,1.0,manipulation,1
2281,-2.0,control,0
2282,0.5,control,1
2283,3.0,control,1
2284,0.0,control,1
2285,0.5,manipulation,0
2286,-1.0,manipulation,0
2287,-2.0,manipulation,0
2288,-1.0,control,0
2289,2.0,manipulation,1
2290,-3.0,manipulation,0
2291,2.0,control,1
2292,2.0,control,1
2293,-1.0,control,0
2294,-1.0,manipulation,0
2295,3.0,control,1
2296,1.0,control,1
2297,0.5,control,1
2298,0.5,control,0
2299,3.0,control,0
2300,2.0,control,1
2301,-2.0,manipulation,0
2302,1.0,control,0
2303,-3.0,manipulation,0
2304,-3.0,manipulation,0
2305,1.0,manipulation,1
2306,-1.0,control,0
2307,-1.0,control,0
2308,1.0,control,1
2309,-1.0,control,0
2310,0.5,manipulation,1
2311,-1.0,manipulation,1
2312,0.5,control,1
2313,1.0,control,0
2314,1.0,manipulation,1
2315,0.0,manipulation,0
2316,2.0,manipulation,1
2317,-0.5,control,0
2318,-0.5,manipulation,0
2319,-0.5,manipulation,1
2320,2.0,control,1
2321,-0.5,control,0
2322,2.0,manipulation,1
2323,3.0,control,1
2324,0.5,manipulation,0
2325,-1.0,control,0
2326,-0.5,manipulation,0
2327,-0.5,control,1
2328,0.0,control,0
2329,0.5,manipulation,1
2330,-0.5,control,0
2331,-3.0,control,0
2332,0.5,control,0
2333,3.0,control,1
2334,-3.0,manipulation,0
2335,-3.0,control,0
2336,0.0,manipulation,1
2337,0.0,manipulation,1
2338,-2.0,manipulation,0
2339,0.5,manipulation,1
2340,1.0,manipulation,1
2341,0.5,manipulation,1
2342,-2.0,control,0
2343,0.0,manipulation,0
2344,-1.0,manipulation,0
2345,0.0,control,0
2346,0.0,control,1
2347,1.0,control,1
2348,-3.0,manipulation,0
2349,1.0,control,0
2350,0.0,manipulation,0
2351,1.0,manipulation,0
2352,-3.0,manipulation,0
2353,-1.0,manipulation,0
2354,0.0,manipulation,1
2355,0.0,control,0
2356,-2.0,control,0
2357,-1.0,manipulation,0
2358,3.0,control,1
2359,0.0,control,0
2360,0.0,manipulation,1
2361,0.0,manipulation,0
2362,0.0,manipulation,1
2363,0.5,manipulation,1
2364,0.0,control,0
2365,-3.0,control,0
2366,0.0,control,1
2367,-1.0,manipulation,1
2368,-0.5,control,1
2369,-0.5,control,0
2370,-2.0,manipulation,1
2371,-1.0,control,0
2372,1.0,control,0
2373,0.5,manipulation,1
2374,-2.0,manipulation,0
2375,1.0,manipulation,0
2376,3.0,manipulation,1
2377,0.0,control,0
2378,3.0,control,1
2379,1.0,control,0
2380,-2.0,manipulation,0
2381,-1.0,manipulation,0
2382,-3.0,control,0
2383,-3.0,manipulation,0
2384,3.0,manipulation,1
2385,3.0,manipulation,1
2386,-2.0,manipulation,1
2387,1.0,manipulation,1
2388,0.5,manipulation,0
2389,3.0,manipulation,1
2390,0.5,manipulation,1
2391,-0.5,manipulation,1
2392,-0.5,manipulation,0
2393,-1.0,control,0
2394,0.5,control,1
2395,-2.0,control,0
2396,-0.5,control,0
2397,-1.0,control,0
2398,-0.5,control,0
2399,-1.0,control,0
2400,-2.0,control,0
2401,-3.0,manipulation,0
2402,3.0,manipulation,1
2403,0.0,control,0
2404,2.0,control,1
2405,-0.5,manipulation,0
2406,1.0,manipulation,1
2407,0.5,control,1
2408,-1.0,control,0
2409,1.0,control,1
2410,-3.0,manipulation,0
2411,3.0,manipulation,1
2412,-3.0,control,0
2413,2.0,manipulation,1
2414,2.0,control,1
2415,2.0,control,1
2416,-3.0,manipulation,0
2417,0.5,control,1
2418,-3.0,manipulation,0
2419,1.0,control,1
2420,2.0,control,1
2421,-0.5,manipulation,0
2422,0.5,manipulation,1
2423,-2.0,manipulation,0
2424,-1.0,manipulation,1
2425,-0.5,manipulation,0
2426,-1.0,control,0
2427,-3.0,control,0
2428,-3.0,control,0
2429,2.0,control,1
2430,-2.0,control,0
2431,0.5,control,0
2432,2.0,manipulation,1
2433,-3.0,manipulation,0
2434,1.0,control,1
2435,-3.0,manipulation,0
2436,1.0,control,1
2437,3.0,manipulation,1
2438,3.0,control,1
2439,3.0,control,1
2440,3.0,control,1
2441,0.5,control,0
2442,-2.0,manipulation,0
2443,0.5,control,1
2444,-2.0,control,0
2445,-1.0,control,0
2446,0.0,manipulation,1
2447,-1.0,control,0
2448,-1.0,control,0
2449,-0.5,manipulation,1
2450,-2.0,control,0
2451,-2.0,control,0
2452,-0.5,control,0
2453,-0.5,control,1
2454,-1.0,manipulation,0
2455,-0.5,manipulation,1
2456,-2.0,manipulation,0
2457,0.0,control,1
2458,2.0,control,1
2459,3.0,manipulation,0
2460,0.0,control,0
2461,0.0,control,0
2462,-0.5,manipulation,1
2463,1.0,manipulation,0
2464,2.0,manipulation,1
2465,1.0,manipulation,1
2466,0.0,manipulation,0
2467,3.0,manipulation,1
2468,-3.0,control,0
2469,-1.0,manipulation,0
2470,3.0,control,1
2471,1.0,manipulation,1
2472,1.0,control,1
2473,0.5,manipulation,1
2474,-3.0,control,0
2475,1.0,manipulation,1
2476,2.0,control,1
2477,3.0,control,1
2478,-0.5,manipulation,1
2479,1.0,manipulation,1
2480,-0.5,control,0
2481,2.0,control,1
2482,-3.0,control,0
2483,-1.0,manipulation,0
2484,-0.5,manipulation,1
2485,0.5,manipulation,0
2486,3.0,manipulation,1
2487,0.5,manipulation,0
2488,0.5,manipulation,1
2489,2.0,manipulation,1
2490,3.0,control,1
2491,-1.0,manipulation,1
2492,-0.5,control,0
2493,0.5,manipulation,0
2494,-3.0,control,0
2495,0.5,manipulation,0
2496,-3.0,manipulation,0
2497,0.0,manipulation,0
2498,0.0,control,0
2499,3.0,manipulation,0
